model,file,codec,run,text,latency_ms,ram_peak_mb,ram_avg_mb,cpu_avg_pct,cpu_peak_pct,vram_peak_mb,vram_avg_mb,gpu_util_avg_pct,gpu_util_peak_pct,gpu_power_avg_w,gpu_temp_max_c,model_load_ms,device,dtype
google/gemma-3n-E2B-it,1a-noisy.wav,gsm,1,"Сегодня вторник. Нужно успеть в магазинку, печь молоко, хлеб, помидоры и заехать на заправку.",22438.0,12175.61,11942.27,537.79,603.3,504.0,504.0,0.0,0.0,11.8,51.0,49391.0,cpu,float32
google/gemma-3n-E2B-it,1a-noisy.wav,gsm,2,"Сегодня вторник. Нужно успеть в магазинку, печь молоко, хлеб, помидоры и заехать на заправку.",19047.0,12219.18,12176.57,600.69,605.6,504.0,504.0,0.0,0.0,11.77,52.0,49391.0,cpu,float32
google/gemma-3n-E2B-it,1a-noisy.wav,gsm,3,"Сегодня вторник. Нужно успеть в магазинку, печь молоко, хлеб, помидоры и заехать на заправку.",18109.0,12221.13,12159.57,600.46,603.3,504.0,504.0,0.0,0.0,11.83,54.0,49391.0,cpu,float32
google/gemma-3n-E2B-it,1a-quiet.wav,gsm,1,"Сьогодні вівторок. Нужно сходить в магазин, купить молоко, хлеб, помидоры и дайери.",18781.0,12240.95,12203.19,599.19,604.5,504.0,504.0,0.0,0.0,11.59,53.0,49391.0,cpu,float32
google/gemma-3n-E2B-it,1a-quiet.wav,gsm,2,"Сьогодні вівторок. Нужно сходить в магазин, купить молоко, хлеб, помидоры и дайери.",18407.0,12248.0,12203.68,601.33,618.8,504.0,504.0,0.06,1.0,10.67,50.0,49391.0,cpu,float32
google/gemma-3n-E2B-it,1a-quiet.wav,gsm,3,"Сьогодні вівторок. Нужно сходить в магазин, купить молоко, хлеб, помидоры и дайери.",18297.0,12251.19,12207.65,601.12,618.8,504.0,504.0,0.0,0.0,10.62,48.0,49391.0,cpu,float32
google/gemma-3n-E2B-it,1b-noisy.wav,gsm,1,"Сегодня вторник, вечером обещаю дождь, поэтому нужно успеть в магазинку купить молоко, хлеб, помидоры, заехать на заправку, забрать сына с тренировки, около семи, и не забыть позвонить маме, обратно дороги.",31953.0,12300.0,12254.16,589.84,603.3,504.0,504.0,0.0,0.0,10.5,47.0,49391.0,cpu,float32
google/gemma-3n-E2B-it,1b-noisy.wav,gsm,2,"Сегодня вторник, вечером обещаю дождь, поэтому нужно успеть в магазинку купить молоко, хлеб, помидоры, заехать на заправку, забрать сына с тренировки, около семи, и не забыть позвонить маме, обратно дороги.",30047.0,12303.61,12251.81,600.53,605.6,504.0,504.0,0.0,0.0,10.29,48.0,49391.0,cpu,float32
google/gemma-3n-E2B-it,1b-noisy.wav,gsm,3,"Сегодня вторник, вечером обещаю дождь, поэтому нужно успеть в магазинку купить молоко, хлеб, помидоры, заехать на заправку, забрать сына с тренировки, около семи, и не забыть позвонить маме, обратно дороги.",30156.0,12290.42,12244.13,600.81,603.3,504.0,504.0,0.0,0.0,10.74,51.0,49391.0,cpu,float32
google/gemma-3n-E2B-it,1b-quiet.wav,gsm,1,"Сегодня вторник, вечером бычает дождь, поэтому нужно успеть пообедать, попить молока, успеть помидоры заесть, успеть затащить, забрать с тренировки в классе и для быстрого звонка маме, надо сделать.",30906.0,12295.83,12252.24,600.37,603.3,504.0,504.0,0.0,0.0,11.37,52.0,49391.0,cpu,float32
google/gemma-3n-E2B-it,1b-quiet.wav,gsm,2,"Сегодня вторник, вечером бычает дождь, поэтому нужно успеть пообедать, попить молока, успеть помидоры заесть, успеть затащить, забрать с тренировки в классе и для быстрого звонка маме, надо сделать.",30719.0,12300.0,12250.98,600.9,605.5,504.0,504.0,0.0,0.0,11.28,54.0,49391.0,cpu,float32
google/gemma-3n-E2B-it,1b-quiet.wav,gsm,3,"Сегодня вторник, вечером бычает дождь, поэтому нужно успеть пообедать, попить молока, успеть помидоры заесть, успеть затащить, забрать с тренировки в классе и для быстрого звонка маме, надо сделать.",41813.0,12300.05,12114.22,516.48,646.9,504.0,504.0,0.0,0.0,11.51,54.0,49391.0,cpu,float32
google/gemma-3n-E2B-it,2a-noisy.wav,gsm,1,"Запущу ветку feature-out, GitHub и открою pull request на review.",19078.0,12125.34,12045.97,509.91,605.6,504.0,504.0,0.0,0.0,12.43,54.0,49391.0,cpu,float32
google/gemma-3n-E2B-it,2a-noisy.wav,gsm,2,"Запущу ветку feature-out, GitHub и открою pull request на review.",15500.0,12180.0,12113.8,581.46,603.8,504.0,504.0,0.0,0.0,11.61,55.0,49391.0,cpu,float32
google/gemma-3n-E2B-it,2a-noisy.wav,gsm,3,"Запущу ветку feature-out, GitHub и открою pull request на review.",14078.0,12213.08,12144.08,600.82,607.8,504.0,504.0,0.0,0.0,11.72,55.0,49391.0,cpu,float32
google/gemma-3n-E2B-it,2a-quiet.wav,gsm,1,"Я пошла ветку feature-аут, вот которая, вот которая, я открыла pull request, на видео.",17735.0,12196.75,12151.27,583.98,607.8,504.0,504.0,0.0,0.0,11.53,55.0,49391.0,cpu,float32
google/gemma-3n-E2B-it,2a-quiet.wav,gsm,2,"Я пошла ветку feature-аут, вот которая, вот которая, я открыла pull request, на видео.",18109.0,12170.26,12023.77,583.58,603.3,504.0,504.0,0.0,0.0,11.31,53.0,49391.0,cpu,float32
google/gemma-3n-E2B-it,2a-quiet.wav,gsm,3,"Я пошла ветку feature-аут, вот которая, вот которая, я открыла pull request, на видео.",19562.0,12207.74,12148.29,563.07,603.8,504.0,504.0,0.0,0.0,11.24,50.0,49391.0,cpu,float32
google/gemma-3n-E2B-it,2b-noisy.wav,gsm,1,"Запусти текущую ветку feature/auth. Открою pull request на main, добавлю Сергея в ревьюеры и проверю, что прошли все тесты и проверки перед мерджем. Оля, юнит-тесты и дайджест.",32078.0,12286.88,12203.24,601.42,650.2,504.0,504.0,0.0,0.0,10.41,48.0,49391.0,cpu,float32
google/gemma-3n-E2B-it,2b-noisy.wav,gsm,2,"Запусти текущую ветку feature/auth. Открою pull request на main, добавлю Сергея в ревьюеры и проверю, что прошли все тесты и проверки перед мерджем. Оля, юнит-тесты и дайджест.",31687.0,12263.05,12210.17,591.14,606.1,504.0,504.0,0.0,0.0,10.56,47.0,49391.0,cpu,float32
google/gemma-3n-E2B-it,2b-noisy.wav,gsm,3,"Запусти текущую ветку feature/auth. Открою pull request на main, добавлю Сергея в ревьюеры и проверю, что прошли все тесты и проверки перед мерджем. Оля, юнит-тесты и дайджест.",32985.0,12281.89,12233.7,584.08,605.5,504.0,504.0,0.0,0.0,10.75,50.0,49391.0,cpu,float32
google/gemma-3n-E2B-it,2b-quiet.wav,gsm,1,"Запусти GPU-версию, введи код. Открою pull request на моей GitHub. Открою pull request на моей GitHub. Добавь Сергея в Vue.js и проверь, что прошли все CI/CD-тесты. Приведи тесты и тайптесты.",35500.0,12307.24,12260.38,591.58,615.6,504.0,504.0,0.0,0.0,10.78,52.0,49391.0,cpu,float32
google/gemma-3n-E2B-it,2b-quiet.wav,gsm,2,"Запусти GPU-версию, введи код. Открою pull request на моей GitHub. Открою pull request на моей GitHub. Добавь Сергея в Vue.js и проверь, что прошли все CI/CD-тесты. Приведи тесты и тайптесты.",36250.0,12277.85,12230.12,588.7,637.5,504.0,504.0,0.09,1.0,11.46,53.0,49391.0,cpu,float32
google/gemma-3n-E2B-it,2b-quiet.wav,gsm,3,"Запусти GPU-версию, введи код. Открою pull request на моей GitHub. Открою pull request на моей GitHub. Добавь Сергея в Vue.js и проверь, что прошли все CI/CD-тесты. Приведи тесты и тайптесты.",37516.0,12261.16,12154.69,585.09,614.3,504.0,504.0,0.06,1.0,11.57,54.0,49391.0,cpu,float32
google/gemma-3n-E2B-it,3a-noisy.wav,gsm,1,Открой dashboard эпидемиологии в Grafana и покажи пятый процентиль.,17922.0,12111.73,12043.07,549.93,603.8,504.0,504.0,0.09,1.0,11.64,55.0,49391.0,cpu,float32
google/gemma-3n-E2B-it,3a-noisy.wav,gsm,2,Открой dashboard эпидемиологии в Grafana и покажи пятый процентиль.,16094.0,12093.14,12073.23,598.05,603.3,504.0,504.0,0.07,1.0,11.43,55.0,49391.0,cpu,float32
google/gemma-3n-E2B-it,3a-noisy.wav,gsm,3,Открой dashboard эпидемиологии в Grafana и покажи пятый процентиль.,16578.0,12126.69,12089.65,587.91,603.3,504.0,504.0,0.03,1.0,11.29,55.0,49391.0,cpu,float32
google/gemma-3n-E2B-it,3a-quiet.wav,gsm,1,"Откройте дашборд электросети, графика и покажите пятый тридцати.",17297.0,12162.55,12122.44,564.18,603.3,504.0,504.0,0.0,0.0,10.8,52.0,49391.0,cpu,float32
google/gemma-3n-E2B-it,3a-quiet.wav,gsm,2,"Откройте дашборд электросети, графика и покажите пятый тридцати.",15937.0,12151.29,12116.33,593.04,602.8,504.0,504.0,0.0,0.0,10.75,50.0,49391.0,cpu,float32
google/gemma-3n-E2B-it,3a-quiet.wav,gsm,3,"Откройте дашборд электросети, графика и покажите пятый тридцати.",14969.0,12160.94,12120.86,600.2,603.3,504.0,504.0,0.0,0.0,10.39,48.0,49391.0,cpu,float32
google/gemma-3n-E2B-it,3b-noisy.wav,gsm,1,"Открой дашборд эпицентров графа на за последний час. Посмотри, в селе есть ли какие-то пятнадцать процентов? Если есть, открой логи под alert, staging cluster и примени trace ошибки.",31579.0,12228.77,12198.12,580.41,614.5,504.0,504.0,0.0,0.0,10.75,47.0,49391.0,cpu,float32
google/gemma-3n-E2B-it,3b-noisy.wav,gsm,2,"Открой дашборд эпицентров графа на за последний час. Посмотри, в селе есть ли какие-то пятнадцать процентов? Если есть, открой логи под alert, staging cluster и примени trace ошибки.",32859.0,12250.17,12202.2,590.51,626.5,504.0,504.0,0.0,0.0,10.99,48.0,49391.0,cpu,float32
google/gemma-3n-E2B-it,3b-noisy.wav,gsm,3,"Открой дашборд эпицентров графа на за последний час. Посмотри, в селе есть ли какие-то пятнадцать процентов? Если есть, открой логи под alert, staging cluster и примени trace ошибки.",32109.0,12249.35,12211.85,568.41,603.3,504.0,504.0,0.0,0.0,11.03,51.0,49391.0,cpu,float32
google/gemma-3n-E2B-it,3b-quiet.wav,gsm,1,"Открой дашборд. Эпидемический рафана за последние часы. Посмотри, есть ли резкие колебания. Есть, есть. Открой логи под аутсервис, стриджинг, кластеры и пришли мне trace ошибки.",37891.0,12260.05,12150.29,587.24,702.2,504.0,504.0,0.0,0.0,11.5,53.0,49391.0,cpu,float32
google/gemma-3n-E2B-it,3b-quiet.wav,gsm,2,"Открой дашборд. Эпидемический рафана за последние часы. Посмотри, есть ли резкие колебания. Есть, есть. Открой логи под аутсервис, стриджинг, кластеры и пришли мне trace ошибки.",37906.0,12218.34,12133.08,575.71,632.9,504.0,504.0,0.0,0.0,11.59,54.0,49391.0,cpu,float32
google/gemma-3n-E2B-it,3b-quiet.wav,gsm,3,"Открой дашборд. Эпидемический рафана за последние часы. Посмотри, есть ли резкие колебания. Есть, есть. Открой логи под аутсервис, стриджинг, кластеры и пришли мне trace ошибки.",34890.0,12170.79,12095.08,579.83,606.1,504.0,504.0,0.0,0.0,11.61,54.0,49391.0,cpu,float32
google/gemma-3n-E2B-it,4a-noisy.wav,gsm,1,Навії whisperkit доверие 0.8.3.,15000.0,12137.52,12027.82,536.59,606.1,504.0,504.0,0.0,0.0,11.56,55.0,49391.0,cpu,float32
google/gemma-3n-E2B-it,4a-noisy.wav,gsm,2,Навії whisperkit доверие 0.8.3.,12891.0,12135.8,12093.81,568.33,603.3,504.0,504.0,0.09,2.0,12.02,55.0,49391.0,cpu,float32
google/gemma-3n-E2B-it,4a-noisy.wav,gsm,3,Навії whisperkit доверие 0.8.3.,11781.0,12136.43,12097.79,600.82,605.6,504.0,504.0,0.0,0.0,11.25,55.0,49391.0,cpu,float32
google/gemma-3n-E2B-it,4a-quiet.wav,gsm,1,"Опять же, уровень критической давятся ноль точка восемь точка три.",13953.0,12134.11,12086.91,596.48,605.5,504.0,504.0,0.0,0.0,11.2,54.0,49391.0,cpu,float32
google/gemma-3n-E2B-it,4a-quiet.wav,gsm,2,"Опять же, уровень критической давятся ноль точка восемь точка три.",14219.0,12137.64,12099.69,586.98,603.3,504.0,504.0,0.0,0.0,11.13,51.0,49391.0,cpu,float32
google/gemma-3n-E2B-it,4a-quiet.wav,gsm,3,"Опять же, уровень критической давятся ноль точка восемь точка три.",13156.0,12134.19,12088.06,600.85,606.1,504.0,504.0,0.0,0.0,10.73,50.0,49391.0,cpu,float32
google/gemma-3n-E2B-it,4b-noisy.wav,gsm,1,"Версия 0.8.3. Перезапустите билд через CI/CD и если есть зеленые, закончите сообщением об обновлении версии 0.8.3.",25484.0,12284.05,12227.44,589.86,605.5,504.0,504.0,0.0,0.0,10.57,49.0,49391.0,cpu,float32
google/gemma-3n-E2B-it,4b-noisy.wav,gsm,2,"Версия 0.8.3. Перезапустите билд через CI/CD и если есть зеленые, закончите сообщением об обновлении версии 0.8.3.",23312.0,12286.93,12231.33,600.6,603.3,504.0,504.0,0.0,0.0,10.52,47.0,49391.0,cpu,float32
google/gemma-3n-E2B-it,4b-noisy.wav,gsm,3,"Версия 0.8.3. Перезапустите билд через CI/CD и если есть зеленые, закончите сообщением об обновлении версии 0.8.3.",24125.0,12279.18,12231.76,587.69,606.1,504.0,504.0,0.0,0.0,10.39,47.0,49391.0,cpu,float32
google/gemma-3n-E2B-it,4b-quiet.wav,gsm,1,"Так, сейчас Swift. Обновление версии 0.8.3. При запуске build через Swift Build, если зелёный, закомментировать сообщение об обновлении Swift до Xcode 4.3.",27281.0,12310.04,12255.53,585.72,608.2,504.0,504.0,0.0,0.0,10.61,50.0,49391.0,cpu,float32
google/gemma-3n-E2B-it,4b-quiet.wav,gsm,2,"Так, сейчас Swift. Обновление версии 0.8.3. При запуске build через Swift Build, если зелёный, закомментировать сообщение об обновлении Swift до Xcode 4.3.",25922.0,12309.47,12249.85,600.72,603.8,504.0,504.0,0.13,4.0,11.33,52.0,49391.0,cpu,float32
google/gemma-3n-E2B-it,4b-quiet.wav,gsm,3,"Так, сейчас Swift. Обновление версии 0.8.3. При запуске build через Swift Build, если зелёный, закомментировать сообщение об обновлении Swift до Xcode 4.3.",25687.0,12306.62,12245.57,600.44,605.6,504.0,504.0,0.04,1.0,11.04,53.0,49391.0,cpu,float32
